1,Report,0,2009
2,Web,1,2005
3,Report,2,2013
4,Book,3,2012
5,Web,4,2009
6,Web,5,2016
7,Book,6,2016
8,Book,7,2008
9,Report,8,2005
10,Book,9,2004
11,Book,10,2017
12,Report,11,2017
13,Book,12,2009
14,Book,13,2004
15,Web,14,2012
16,Web,15,2008
17,Web,16,2009
18,Report,17,2006
19,Web,18,2017
20,Report,19,2011
21,Report,20,2015
22,Report,21,2015
23,Book,22,2004
24,Book,23,2008
25,Report,24,2008
26,Web,25,2009
27,Web,26,2003
28,Book,27,2013
29,Report,28,2013
30,Book,29,2017
31,Book,30,2005
32,Report,31,2011
33,Report,32,2010
34,Book,33,2006
35,Report,34,2004
36,Report,35,2004
37,Report,36,2008
38,Report,37,2018
39,Book,38,2007
40,Report,39,2008
41,Book,40,2018
42,Web,41,2003
43,Book,42,2010
44,Book,43,2016
45,Web,44,2007
46,Book,45,2004
47,Web,46,2012
48,Report,47,2018
49,Web,48,2010
50,Web,49,2017
51,Web,50,2015
52,Book,51,2013
53,Book,52,2013
54,Web,53,2008
55,Web,54,2005
56,Report,55,2007
57,Report,56,2008
58,Web,57,2006
59,Book,58,2012
60,Web,59,2008
61,Report,60,2006
62,Book,61,2012
63,Report,62,2003
64,Book,63,2018
65,Web,64,2018
66,Book,65,2007
67,Web,66,2017
68,Report,67,2014
69,Web,68,2015
70,Report,69,2005
71,Book,70,2015
72,Web,71,2017
73,Book,72,2006
74,Book,73,2008
75,Web,74,2016
76,Report,75,2012
77,Web,76,2018
78,Report,77,2008
79,Web,78,2008
80,Book,79,2004
81,Report,80,2009
82,Web,81,2012
83,Web,82,2011
84,Book,83,2015
85,Report,84,2012
86,Book,85,2004
87,Web,86,2016
88,Web,87,2006
89,Web,88,2012
90,Book,89,2007
91,Book,90,2011
92,Report,91,2013
93,Book,92,2008
94,Book,93,2006
95,Report,94,2004
96,Report,95,2015
97,Report,96,2016
98,Book,97,2004
99,Book,98,2009
100,Book,99,2010
